,Mof_volume,Volume,Pore_Volume,CO2_working_capacity [mL/g]
Mof_volume,1.0,0.7374217553360353,0.6575558638200313,-0.11833082169465334
Volume,0.7374217553360353,1.0,0.9937708079800169,-0.27236959008288464
Pore_Volume,0.6575558638200313,0.9937708079800169,1.0,-0.28428842928777887
CO2_working_capacity [mL/g],-0.11833082169465334,-0.27236959008288464,-0.28428842928777887,1.0
